{"metrics": {"ChrF": {"mean": 0.29046756280503094}, "API_recall": {"mean": 0.10617148849174919}}, "name": "mistralai/Mixtral-8x7B-Instruct-v0.1"}