{"metrics": {"ChrF": {"mean": 0.3022683714985954}, "API_recall": {"mean": 0.0706873106077934}}, "name": "mistralai/Mistral-7B-Instruct-v0.3"}