{"metrics": {"ChrF": {"mean": 0.40844967687482303}, "API_recall": {"mean": 0.3668788391737353}}, "name": "gpt-4-0125-preview"}