{"metrics": {"ChrF": {"mean": 0.2619475034795598}, "API_recall": {"mean": 0.16911533258141592}}, "name": "gpt-3.5-turbo-0125"}